,token,score,count
0,CTGTT,0.6490179970860481,4
1,GCGTG,0.5938790484386332,51
2,CGTG,0.5206330436246411,289
3,TACTA,0.5168944597244263,1
4,GCGC,0.5006627455400449,319
5,GCGCA,0.485934273241774,76
6,CGC,0.464380421891133,761
7,CGCA,0.43098517630427874,292
8,GGCGC,0.4228934557546699,63
9,CACGC,0.40816908790951684,21
10,AA,0.3794516640316163,28
11,CCCGC,0.3792839950785555,29
12,CCCTA,0.3780514250199,3
13,TGCTG,0.3525286954310205,9
14,TACGC,0.33734059219176954,13
15,TCCTT,0.3338575214147568,6
16,CTTTG,0.33088788390159607,2
17,GCGTA,0.3301140347495675,5
18,CCGC,0.3281513098627329,26
19,GTAGG,0.3246161639690399,1
20,CG,0.31902753803879025,5
21,GTATA,0.3180648982524872,1
22,TCGTG,0.3088055769247668,7
23,GTGAA,0.30594901740550995,3
24,CGTA,0.3000164321727223,18
25,GTGTG,0.29386597918346524,60
26,CCGAA,0.2788327783346176,3
27,CAATG,0.278247594833374,1
28,GACTG,0.26588096767663955,5
29,CACA,0.265323212070507,320
30,GC,0.2593696353107225,800
31,GGAAA,0.2577936351299286,3
32,GCGAA,0.25669464468955994,5
33,CCGTG,0.2558387542764346,12
34,CGCAA,0.2551987338811159,18
35,TCGG,0.2533472627401352,2
36,GACTC,0.252912312746048,1
37,GCATG,0.2501069608454903,12
38,CCAAA,0.24992962926626205,3
39,GCGCC,0.2457774123037929,134
40,C,0.2434396399408937,104
41,GGGTG,0.23696916633182102,18
42,CTTA,0.23661835119128227,4
43,GTGCC,0.23441887449473142,25
44,CATG,0.2340913093323971,86
45,TGTG,0.23017060373338427,564
46,CTATT,0.22903360426425934,1
47,GACGC,0.22848555694023767,9
48,GAATA,0.2232801765203476,2
49,GGTT,0.22275720078211564,13
50,GCGG,0.21565080551868854,187
51,GCAGG,0.2133879365550505,37
52,TTTG,0.21097503416240215,10
53,CGATG,0.2105388980358839,10
54,TGCA,0.20958781817361063,69
55,TGTA,0.2094207350164652,4
56,GCACA,0.20813960186205804,16
57,CA,0.20758001149780828,169
58,CTACC,0.2038927674293518,1
59,GTG,0.20031834004642668,371
60,GTCGG,0.1987540970245997,3
61,CTGCA,0.19358482956886292,4
62,CAAA,0.19191352847744436,17
63,TG,0.1915425854572321,103
64,CGTCC,0.1914284524973482,16
65,TAGA,0.18902885913848877,1
66,CCTT,0.1882333127160867,30
67,CTCGG,0.18758773803710938,1
68,GCTGA,0.18727939700086912,6
69,TAGG,0.18690924867987632,15
70,TATAA,0.1863585263490677,1
71,CGCTG,0.18577974345968212,43
72,CGCC,0.1847497967611018,285
73,CCTC,0.18445509291874865,24
74,CCCTG,0.1842824784689583,16
75,CCAA,0.1840014158348952,14
76,CAGCA,0.1839690818809546,13
77,CATC,0.1824961770325899,4
78,TACAA,0.1824650689959526,2
79,GCA,0.1815992501431491,312
80,CCACC,0.18040146927038828,9
81,GCGA,0.1799815900269009,21
82,CCCTT,0.17993966738382974,9
83,TGATT,0.17963369314869246,6
84,TCGCA,0.17946705780923367,3
85,CGGGG,0.1787160110214482,23
86,GTGCA,0.17779356241226196,1
87,AAA,0.17773791775107384,18
88,GGGC,0.17665565222365046,109
89,CAGC,0.17623597600807747,24
90,TGTGA,0.17576154660094867,11
91,CCTCA,0.17477025091648102,2
92,CCTTA,0.1736895814538002,2
93,CGCCA,0.1733440944836253,21
94,GTACC,0.17239338159561157,4
95,GAGC,0.17187061203863993,93
96,CACC,0.1713271430310081,51
97,GGGTA,0.16982566472142935,4
98,CTTAA,0.16767190396785736,1
99,AAAA,0.16729951111806762,9
100,TCCA,0.16712828568286367,45
101,CCCA,0.1667455154102902,43
102,TGAGG,0.1665411970267693,6
103,CCAGG,0.16648943846424422,9
104,GGCCA,0.16516061479018795,27
105,CCGTC,0.1641901731491089,2
106,CACTC,0.1633280615011851,3
107,CC,0.16160682685452923,372
108,CAAAA,0.16103550419211388,2
109,CACGG,0.16053817669550577,6
110,GTGTA,0.1599656529724598,4
111,GGACC,0.15974840025107065,9
112,TAA,0.15926365225630648,34
113,TCGCC,0.15819351519975397,18
114,TATT,0.15812424570322037,2
115,CCTA,0.15761824218290194,14
116,GTGGC,0.15746704586174176,23
117,GTA,0.15719407548507056,24
118,CCCAA,0.15682757832109928,10
119,CCTGA,0.15672264993190765,1
120,GGCTA,0.1558768967515789,4
121,GGCGA,0.15556185320019722,2
122,GGCC,0.1554621059218781,171
123,CGGA,0.15544120228982397,56
124,CTGAA,0.15383444912731647,5
125,GTCTT,0.15354609595877783,7
126,GCCCA,0.15206130194876874,14
127,GCGTC,0.1510279825888574,8
128,TC,0.14986819468670343,209
129,GCC,0.14923397584524256,909
130,CGA,0.14919429860616984,57
131,GACTT,0.14840910211205482,4
132,GAAA,0.14819126167068525,28
133,GCCTG,0.14811874786391854,32
134,TT,0.14768737526205572,23
135,TCTCC,0.1468018579762429,16
136,GGA,0.14578549337247615,203
137,GCAGA,0.14549167454242706,1
138,CCCTC,0.14532748283818364,10
139,CTT,0.14528104870718112,54
140,TGA,0.14518950565591526,103
141,CGTCA,0.14504743036296633,9
142,CCCC,0.14461253985683334,94
143,GGCTT,0.1434293378676687,7
144,CTGA,0.1433973012608476,32
145,CGTC,0.14326648538311323,12
146,GAGA,0.14250435429339361,101
147,TCGC,0.14010041109041163,19
148,GTGGG,0.14003374130540602,37
149,TCTG,0.13977061160595008,76
150,CAGAA,0.13952862719694772,6
151,GTT,0.13942002408349743,52
152,CGTGA,0.1391505803912878,4
153,TACA,0.13913998007774353,1
154,CGG,0.1389717913454922,306
155,CAA,0.1373948436485578,73
156,TCAAA,0.13722104206681252,2
157,GGGCA,0.13683211382316507,23
158,TCTA,0.13599269720725715,20
159,GAA,0.13488454618849433,104
160,CAAGG,0.13480064738541842,6
161,CGACC,0.13469137251377106,1
162,TTCA,0.1339635904878378,4
163,GCACC,0.13395105828531087,40
164,CTG,0.13270816513626227,174
165,GCAA,0.13252997469334377,21
166,CGTT,0.1317070730858379,9
167,TGAA,0.13128149160183966,12
168,TGTT,0.13118384289555252,42
169,CACCA,0.13083932548761368,2
170,GAAGG,0.13071021916610853,7
171,TCCTC,0.13048014875787955,13
172,CCTCC,0.12983777951449155,20
173,CAGG,0.12974843611846154,128
174,GAAAA,0.12937847177187603,30
175,TCC,0.12864930505320216,279
176,GGGA,0.12825672948224978,55
177,GTGA,0.12791939272924704,27
178,TCAA,0.12779178297413246,14
179,TACTG,0.12761273980140686,1
180,GCCTT,0.1275267347227782,8
181,TAGC,0.12740026973187923,6
182,GA,0.12715827208808345,117
183,GTTGG,0.12705322913825512,4
184,TTA,0.12671011593192816,20
185,CCGCC,0.1265668592282704,35
186,GCCCC,0.1261973030672505,58
187,CATAA,0.12582288309931755,2
188,GCTG,0.12574409079761842,156
189,TCCTG,0.12459910748940375,36
190,CGCTT,0.12458039944370587,9
191,TATG,0.12447329610586166,6
192,CTC,0.12420230171808,243
193,GCTC,0.1241485542152077,60
194,TA,0.1236913002513606,29
195,GATT,0.12368043586611747,5
196,GGCA,0.1234435166365334,42
197,GGAGG,0.12189836682424553,37
198,CTGCC,0.1218780821019953,11
199,GAACC,0.12182955294847489,5
200,CCGG,0.1213334577365054,27
201,CTTCC,0.12061171978712082,1
202,GG,0.12044684563067506,182
203,GGTA,0.12026623243259059,9
204,TGGG,0.12026608684363793,53
205,CCTG,0.12009347802441982,90
206,CCA,0.11989424404526623,196
207,TCCAA,0.11967091262340546,1
208,GGTCA,0.11947383483250935,3
209,GCTCC,0.1193902886452827,47
210,GTTCC,0.11936528608202934,3
211,GCCAA,0.11893671192228794,4
212,CATA,0.11890338387872491,14
213,CACTG,0.11864858493208885,6
214,GGATA,0.11808034777641296,1
215,CGGTG,0.11794643495231867,20
216,GGGG,0.11773853700622798,252
217,GTC,0.11726320356883378,193
218,CAGGA,0.11514326498696678,19
219,G,0.11463258850613031,58
220,GGTCC,0.11458549400170644,3
221,CTAAA,0.11402065306901932,2
222,GGGAA,0.11398358524052633,18
223,TCTT,0.11385703703634581,53
224,GGTGA,0.11299166807697879,18
225,GAGG,0.1127728259190917,100
226,GCTT,0.11219320542389347,62
227,CGGCC,0.11189426703467256,42
228,AAATG,0.11155991852283478,5
229,CTCC,0.11127385155011255,52
230,CCCGG,0.11118872587879498,24
231,CTGGG,0.10936619310329358,27
232,GAGGA,0.10906392754986882,11
233,TCA,0.10888684775705475,74
234,GACGG,0.10871109366416931,5
235,CAGA,0.10805797949433327,25
236,GAAGA,0.10799997113645077,4
237,GCAGC,0.10790111786789364,9
238,CTA,0.10772908204850161,53
239,TGCC,0.1073869824823406,18
240,GT,0.10690175509080291,2
241,GAGCA,0.10668070707470179,4
242,GTCC,0.10658966578744553,111
243,GGCGG,0.10587063465606082,22
244,CTTTT,0.10555488367875417,3
245,GGGGA,0.10535991191864014,7
246,GCCA,0.10522889557548544,88
247,TCGAA,0.10442311813433965,3
248,TAGAA,0.10403536260128021,3
249,GACC,0.10309131212172008,31
250,GGCTG,0.10271796680710933,27
251,TATA,0.10255201160907745,5
252,CGAGG,0.10160407743283681,14
253,GCGTT,0.10102761785189311,3
254,GGTC,0.10054787216134943,26
255,GGAA,0.10038712924640429,38
256,CTGGA,0.09989183023571968,2
257,GGTG,0.0996083268442024,39
258,CAGCC,0.0991206191746252,35
259,GTGGA,0.09849194437265396,1
260,CGGTT,0.09782309085130692,1
261,CGTAA,0.09704284121592839,3
262,A,0.0968768373131752,8
263,CATCA,0.09648686523238818,6
264,GTCA,0.0962383757377493,58
265,TTAA,0.0962109002802107,9
266,GACA,0.09607219224439022,47
267,TCTTA,0.0960008380934596,4
268,TCATT,0.09598899260163307,6
269,CCCCA,0.09536397736519575,30
270,GGAGA,0.09405997602476014,9
271,TCCCA,0.09349557757377625,6
272,GCAAA,0.09327645599842072,8
273,TAAA,0.09285517930984497,5
274,TCAGA,0.09269685111939907,4
275,GCTCA,0.09238072010603818,11
276,TCATG,0.09228486754000187,4
277,GTAA,0.09205653518438339,4
278,TCCCC,0.09119113372932923,19
279,TCGGA,0.09116315841674805,3
280,CATT,0.0910147437825799,22
281,CCCGA,0.09079514443874359,1
282,TGGA,0.09020126969195329,13
283,CACTT,0.0901515856385231,1
284,CCGCA,0.08988751471042633,6
285,GCGGA,0.08966745378879401,13
286,TCTC,0.08962353132665157,24
287,GCTA,0.08932403065264224,20
288,GAACA,0.08868434031804402,3
289,GATA,0.08841796964406967,1
290,CGAGA,0.08794632740318775,4
291,GGGCC,0.08757853796478451,41
292,TTTT,0.08741443502632054,33
293,CTCA,0.087234290816435,41
294,TGATG,0.08669047243893147,4
295,CAGTG,0.08586940883348386,6
296,CTTGG,0.08582545196016629,3
297,GAGCC,0.08334844541691598,21
298,TTTA,0.08331500075291842,2
299,GTCTC,0.08211927860975266,4
300,TAAGG,0.08178040757775307,2
301,CGAA,0.0816493695601821,16
302,GTGTT,0.08073169086128473,6
303,T,0.07888341764057125,27
304,CACTA,0.0783875584602356,1
305,TAAAA,0.0780824561204229,7
306,CCACA,0.07798452973365784,5
307,CTCCA,0.07645063102245331,1
308,GAGTG,0.07567062159068882,8
309,GACCA,0.07538200305266814,11
310,GATG,0.07511321552807376,42
311,GACAA,0.07494129799306393,2
312,GTCTA,0.07394970146318276,6
313,GTCTG,0.07130155242655588,23
314,TCGTC,0.06992430053651333,2
315,TAGGA,0.06785090019305547,3
316,GCCTC,0.06720164455473424,5
317,GCTTA,0.06691189855337143,1
318,GTCAA,0.0667520061135292,5
319,CTGTG,0.06503631174564362,2
320,CTCTC,0.06462393275329045,7
321,GCCGG,0.06460459064692259,14
322,TTATG,0.06309393793344498,1
323,CCATG,0.06280613380173843,3
324,TCTCA,0.06256436966359616,5
325,GGATT,0.060211487114429474,1
326,GGATG,0.059891752898693085,1
327,TCT,0.058344513177871704,3
328,GCATT,0.05824592895805836,3
329,CCAGA,0.058203089982271194,4
330,GTTA,0.05815544600288073,3
331,GGGTC,0.05792084941640496,4
332,TGAAA,0.056943148374557495,2
333,GGCTC,0.05654533067718148,6
334,GATC,0.055503016958634056,3
335,GACTA,0.05487515777349472,1
336,GGCAA,0.05359981209039688,2
337,ATG,0.05148222856223583,2
338,GCTAA,0.051443636417388916,1
339,CTCAA,0.047489975579082966,2
340,TCTGA,0.045617178082466125,2
341,CCGGA,0.041391233913600445,2
342,GATCA,0.03708537854254246,2
343,CTAGG,0.035248540341854095,2
344,CATCC,0.03510150841126839,3
345,CT,0.03298438340425491,3
346,CCGA,0.03092295303940773,1
347,GATGA,0.029399553313851357,1
348,CTCTG,0.015130103565752506,1
349,[SEP],0.0,7
350,[CLS],0.0,2
