,Token,Count,Score
382,AAATC,1,0.9576046934428231
198,GCGTG,28,0.8032389104571535
194,ACGCG,31,0.6589810702022253
167,GCGCG,99,0.6474576322403646
33,GCGC,982,0.5585927857400266
111,GCACG,43,0.558417841134472
322,GCATG,30,0.5248023641504553
80,GCG,752,0.5186849445358336
356,GTGCC,5,0.49896236465162086
116,TGCGC,139,0.4931242844613937
97,GCGCC,145,0.47427945407804206
397,CACAC,9,0.4629765305103454
152,ACACG,69,0.4394907201640923
85,TGCG,265,0.4295041710463901
1,ACGC,563,0.4289508551733511
125,GTGC,182,0.42024886875093376
118,TCGCG,22,0.41234100471622237
127,TGTGC,166,0.4060502387730283
237,CGC,33,0.4006177829352849
210,ATGCG,25,0.3979631816053661
257,TGCAC,65,0.39147038895995157
301,GCACC,27,0.38313654986523427
138,GTG,256,0.3829066002516147
102,ACGCC,79,0.37243060143973294
11,ACG,406,0.3599514218974314
315,ACATG,42,0.3574368305125821
271,GTGTG,50,0.3570919440519274
193,GCGGG,69,0.3500879620505726
298,TACGG,2,0.3436834264174767
34,ACTTG,4,0.3436219891131794
72,TGTG,833,0.3247211519741661
134,TACGC,38,0.3242800708498413
450,GTGAG,3,0.32108219807068406
14,ACAC,1099,0.3196964867183374
66,CCCGC,83,0.31025891486855406
6,GC,1203,0.3038553239037013
148,ATGC,356,0.29930964191691795
54,GCCC,328,0.2880807664003719
337,TGCA,5,0.27952904444772636
231,TA,10,0.27664292807579044
213,GCAGG,21,0.26985567215863027
223,GGGCG,52,0.2675842189894326
401,TCATC,5,0.26754338228658253
50,GGGC,659,0.2668903139084342
449,AATTC,1,0.25990217617141853
426,ATAT,8,0.25830984884059116
409,TCACG,6,0.2558499257871654
12,TGC,1050,0.2526301060438914
489,GATCC,1,0.24953665127231967
344,CTGC,4,0.24888616299432859
281,GCCCG,18,0.2487660294046935
79,GCGG,140,0.24858230319922972
396,GCTTG,5,0.24655629182501698
250,TCATG,9,0.24295843577403786
44,CCC,662,0.2394681798061031
137,CTGG,1,0.23757222960549557
473,GAAC,1,0.2365571895051416
475,ACTT,3,0.2280737714435724
187,ACTC,25,0.22751429122433797
98,CCCG,95,0.22746165917566685
0,AGCGC,157,0.22375020858162245
15,TGTAC,18,0.22238471865282897
452,CTGCC,1,0.22028127022505212
403,TTTCG,3,0.2166290136946103
19,AC,493,0.2145317172936944
24,ACACC,59,0.21290523189091895
441,ATATG,20,0.208416520932237
294,TTTAA,3,0.2080806770091261
439,TGTCT,3,0.20699377468575086
142,T,77,0.20606838458623145
317,GGACG,10,0.20596708177198217
106,G,157,0.2047120390238009
165,AT,63,0.20348161426281303
180,GCGGC,125,0.20257469643954096
93,GGCGC,80,0.19865486682928918
234,ACGGG,29,0.19568070788791767
445,CAGCC,1,0.19440205055391424
207,ATCGC,33,0.1922443775874731
65,GCCCC,205,0.19139584716740157
263,TGTAT,8,0.19100325041325084
425,ACCA,4,0.18883355072138652
478,ATGT,5,0.18769472408765
446,ATTTC,2,0.18767536362599402
454,TTTGG,4,0.18635069314612873
28,ATG,227,0.18088955973331275
371,TACG,25,0.17992612246187864
75,TAC,107,0.17874092047653256
182,GCCG,84,0.17837422360842353
427,GCTCG,5,0.1770249507684844
463,CTTCC,1,0.1758624137977772
13,C,157,0.17562318366107554
188,TGGGC,176,0.17533656890368154
367,TGTT,5,0.17470948438812
156,ACCC,346,0.1746750539386778
4,ACGG,151,0.17245869342124304
471,CTTG,1,0.1710165233360998
272,AAGCG,8,0.1709560194824044
262,TATGC,16,0.16934924513857588
151,TATG,50,0.16451378489946544
417,TCA,5,0.1635764182810317
43,GCC,765,0.16319330363461756
352,AATTG,2,0.16149940336557228
459,TAAA,3,0.15960810206405276
428,CTGGC,2,0.1593841808766163
101,TC,232,0.15741245336981094
264,TGCTG,17,0.157190586368637
175,TGTC,83,0.15714715042963975
63,A,50,0.1568073559860708
46,TGCCC,144,0.1532140818245631
129,AGTGC,96,0.15147699969508088
32,TTGC,97,0.15130640222845898
314,TGCCG,16,0.151033934619208
69,TCGC,168,0.15075517168481514
470,GTCAC,2,0.14922848083156015
155,TATTC,7,0.1479470398338958
218,TCCGC,65,0.1467721511096769
109,GGGCC,83,0.1464109868160568
336,ACGGC,38,0.14625095239189456
37,ACA,23,0.145689360840272
128,ACCGG,6,0.1448814109969073
94,ACAA,45,0.14454213261387683
500,AATAT,1,0.1442793636710912
70,TT,92,0.14405433622661493
273,ACCGC,70,0.14236225188819585
87,AGCG,132,0.14132499823939434
168,TCCCG,13,0.14046897413478696
390,TATAT,3,0.14021166713321373
150,AGCAC,87,0.13847808507139545
329,TTGCC,8,0.13837431445491874
133,ATAC,58,0.1383034050617678
316,TTGGG,14,0.13810735613547598
420,CGCC,6,0.1375223408198409
292,GTCCC,6,0.13245167809217676
399,TCT,3,0.1315971951359328
460,TCAA,2,0.13065665282194555
29,TG,253,0.1292327286273778
347,TACCC,10,0.12862707175021565
354,GTGGC,7,0.1277704996423157
36,TGCC,223,0.12749193197029537
203,AGGTG,21,0.12669610343835558
135,TTGGC,19,0.1256894551649157
472,AAA,2,0.12539241660109976
31,GGG,524,0.1252443684672872
299,GCCGC,58,0.1226094895350793
84,AGGC,421,0.12184572393396635
220,AGTTC,13,0.12138439620443778
91,TCCG,90,0.1209930593112888
149,TATT,44,0.12096876851167969
458,ATAG,5,0.1201352862360459
296,ATTGC,18,0.11948784525068495
35,CC,374,0.11915118355601476
305,GGAAC,10,0.11913965979194792
318,TGGA,7,0.11758417539108372
256,TTTC,32,0.11573969633883853
254,GCTGC,37,0.11552754021671054
181,TGCGG,51,0.11351443777013398
443,ATATT,1,0.1127974751073402
361,ATA,6,0.11275310486743671
183,AGTG,56,0.11106305893070838
131,TCAC,119,0.10980832882425011
92,AAGGC,39,0.10861106956818069
177,TAA,42,0.10851901569946129
468,CTGGG,1,0.1084851213665395
26,ACC,313,0.10848470829015626
121,TTAT,8,0.10792004590360282
114,TAG,74,0.10729997802496012
64,AGGG,253,0.10682122169592469
416,GAGCC,2,0.10662280496570639
448,GATC,1,0.10609645190093704
171,ATGCC,44,0.10408733704185548
284,AGATC,13,0.10397837172521365
217,CG,19,0.10378513697064282
179,GTCC,11,0.10216474064369097
200,AGCTG,3,0.10215707232027431
147,TTATT,3,0.101832025457794
212,GGTGC,10,0.10147405604668687
71,TGGG,325,0.10143777907210412
244,TTAG,14,0.1014004114728049
105,TCCAC,24,0.10129735610547481
381,GTGAC,1,0.10118227369077931
172,TGAA,30,0.1009381014386517
302,AACGC,27,0.10081556871357324
422,TTGCG,5,0.10022600852403596
236,TCACC,40,0.09986008651268198
393,TTTAG,3,0.09982569228637815
38,CCCC,202,0.09891068980523803
304,ACCG,70,0.09861355881562782
5,GGGG,405,0.09828795867879524
76,GGCC,342,0.09709591289738224
119,TTCC,111,0.0968574343957592
377,TTCGC,6,0.09674860038146565
53,AAAGG,32,0.09664909705671126
108,AGGGC,114,0.09545328430773775
60,GGGGC,109,0.09455481300325684
251,TCGCC,37,0.09440849000095694
123,AGAG,74,0.09379145041705918
310,TGTCC,32,0.0937606565122699
130,ACTCC,34,0.09335334650484102
276,GTAA,1,0.09279815408596281
139,AGAC,89,0.09224789709547505
224,ACTGC,40,0.09157859786833245
235,AGTCC,22,0.09131242846282782
95,AGGAC,23,0.09110366105528199
7,TGAC,77,0.09108546225528986
365,TAACG,3,0.08964833448406755
421,AAAT,4,0.08909807113259176
269,TTT,3,0.0883609522931924
140,GCAGC,50,0.08771145694056699
285,ACAG,35,0.08674994343112515
22,ATT,42,0.08621163084390433
265,TAGGC,16,0.08515801497300843
362,GGTAC,5,0.08452814562828723
16,ACCAC,26,0.08390615337128962
414,TTAA,2,0.0835224610921948
245,AGGCG,40,0.08293749114300239
311,ACTTC,15,0.08217038510506218
56,GG,403,0.0821165123450069
209,ATGGG,30,0.08207067302332853
493,CAGGC,4,0.08196789452853595
369,AAACG,3,0.0817203305508672
248,TACAC,1,0.08165259910276759
253,TAAC,32,0.08068232497950413
419,ACAAG,6,0.08059242143530955
124,TCGGC,48,0.08048471506773815
287,AACG,23,0.08048168998822393
205,AGTAG,11,0.08046301095137633
243,AGAGC,56,0.08036050986859077
204,AGTC,41,0.08014337151638595
96,AG,272,0.08012867084948389
74,AGG,356,0.07999246190650698
341,ACTAA,9,0.0797861216713331
146,TCTGC,37,0.07974756458397556
467,ATATC,5,0.07893075791270622
126,TAACC,6,0.07892156138941565
59,GGCCC,81,0.07860212187973604
58,CCCGG,38,0.07840001766308821
86,GGCG,104,0.07756493123499836
376,ACATC,17,0.07749784726223005
206,TCTG,53,0.0771772659956196
164,TTGG,67,0.07698286554618751
51,ACAGG,32,0.07697041129844587
447,AGTT,2,0.07668578034117651
457,TATTG,9,0.07665736369526699
41,TGGC,273,0.07611835217217057
62,TTACC,7,0.07591357562356178
120,TTTG,51,0.0758673421092459
330,TCTGG,14,0.0757739640342036
238,AA,63,0.07563319440729789
99,TAGC,28,0.07541310374996905
170,TCG,128,0.07533615969979311
113,ATGG,79,0.07519587646529645
173,TGAG,47,0.07498038514186187
2,ACCCG,25,0.07448720732817124
232,AAAGC,25,0.07389649889762892
363,GCAAC,13,0.07311843165584443
297,ATCCC,21,0.07268062214667828
90,TTTGC,38,0.07260606560682725
374,TGTCG,3,0.07180222683198993
154,ATC,124,0.07102484527068918
160,TAT,28,0.07061906114674812
49,TTCTC,10,0.07051311402482272
214,GTTTC,3,0.0704435726854678
280,TGAAC,10,0.07020068974694366
158,TTG,80,0.06959368002033389
434,GAAAC,2,0.06859035544678574
228,AGCTC,23,0.06789093168048507
57,GGGGG,57,0.06783062015782786
47,ACAGC,85,0.0675818704901017
122,TGG,343,0.0675517043356491
163,TTTTG,12,0.06734718786834644
186,TGGCG,38,0.06691709765732479
400,AAAAC,15,0.06685438432163718
45,TCCCC,91,0.0668526493586695
39,AGGCC,108,0.06683006696517796
291,GGCCG,33,0.06682507369237713
17,ACCCC,84,0.06637939900340603
55,TCC,439,0.06606090567751802
83,GGC,808,0.0660446050777785
153,ATAA,21,0.0656492713750742
429,GCTAC,4,0.06512052047957761
430,TAAGC,1,0.06506854572809258
21,TCAG,35,0.06500608036264077
185,TCTCC,46,0.0637061655817778
364,AGGAA,8,0.06344316432080603
115,AATGC,17,0.06316502827380843
27,TCTC,87,0.06300166424527394
23,TTC,137,0.06283667640653852
52,AAGG,131,0.06210853699148573
404,GTCG,2,0.06178208091225872
343,AGGAG,35,0.06103525926180423
190,TTTTC,10,0.06076056551315275
20,TCCC,279,0.06051689173236021
366,AGA,3,0.06028232874776824
10,ATCC,124,0.06023329055007335
268,TGAAG,23,0.06022971894371041
189,TCGG,71,0.0601450493918869
391,ATTAC,4,0.06011993889776877
351,TCAAC,5,0.059146155141623004
166,ATTG,50,0.05897057820060907
112,AAC,106,0.058770967271110135
240,GTGG,33,0.0586026183149719
495,ACTAC,2,0.058140272258717124
335,TAGAC,3,0.05797641933013151
491,CGG,3,0.057777262205838266
247,TCAGC,30,0.057750639693288544
288,AAATG,14,0.05696285909690796
219,GGCGG,15,0.05647481121672982
40,AGC,561,0.05618543080415269
67,AGCCC,142,0.05583486453663657
61,TTCCG,11,0.05578723562785395
437,GCAAG,3,0.05523560930760154
312,TGCTC,31,0.05498450926802627
202,AGAAA,13,0.054783426354124205
78,AAG,144,0.054001622568628754
117,TTTCC,33,0.05397341069025036
485,GTGGG,5,0.05393573407015403
30,AGCC,508,0.05377158521969267
104,CCG,26,0.05359209696475194
195,GAGTG,4,0.05324961788274529
482,GAAGG,2,0.05248860366506189
246,TCTAG,3,0.05189314575694837
438,CAGGG,3,0.0516108034721412
339,TCAGG,18,0.05094681976574985
201,TTCCC,40,0.05037921749908646
25,AAGC,112,0.05034841616623275
174,AATAA,11,0.05003655070212758
225,AGAGG,13,0.04999195449311303
233,TCCTC,17,0.04971122172981816
100,AGACC,34,0.049175182586791474
451,GTTGC,3,0.04881429239313492
3,AACC,80,0.04860401735592647
110,AAAG,64,0.04818334692474183
48,AGAA,85,0.04793167142204173
319,GAGG,39,0.047864800843924145
282,ACAAC,11,0.04780628575104801
372,ATACC,7,0.04753609204371021
259,GGAGC,62,0.04729460939422026
295,TGTTC,17,0.04720064877899738
18,GATGC,8,0.046769063812628645
73,ACCTC,39,0.045833131441964756
81,GTTCC,7,0.04536318278685628
290,ACTG,18,0.045295408658861114
136,TGGCC,105,0.04485245923142339
487,GATTC,5,0.04464715695649567
346,GCTAG,1,0.044545310580315585
176,AAGTC,11,0.044499769392143076
453,GGTTC,3,0.04312767206271865
313,TTAC,14,0.04287492203022482
162,TACC,55,0.042820368648810635
358,GAACC,3,0.04119026479683978
252,TGAGC,43,0.04066796879459742
328,TTCA,3,0.04013895856525621
402,TGACG,4,0.03933329807898565
338,ACTCG,1,0.038810786724301494
357,TCTCG,7,0.037457052206867736
394,AGT,5,0.03741086164074374
368,GATG,7,0.037218356421192984
283,TAAG,32,0.03719729970006798
221,AGCGG,41,0.03640096903869304
278,GAGAA,1,0.0363633681093706
192,AATC,20,0.03615701782018645
132,AGAAG,30,0.035961981253075266
258,ATTC,54,0.0357935184811142
327,GGATG,7,0.03578760679030244
274,ATCTC,10,0.03559902027225081
143,ATGGC,56,0.03472414554770973
323,TGTTG,17,0.03469146595167889
353,TAAAA,3,0.03451913980636505
229,TATC,10,0.03446918731440742
293,TAGCC,19,0.03444393026214224
196,AAGCC,43,0.03370789012570032
385,GCATC,3,0.033264459000577375
440,AGCT,9,0.033165913128160154
389,GAGGC,9,0.03260868546247886
144,GGTGG,22,0.03244404826139013
496,AGAGA,2,0.03177223657070252
222,AGATG,7,0.03147171151820976
275,TTTAC,10,0.030554811831739737
199,AAAA,53,0.0303918458077652
488,TTTCT,1,0.03038775601496306
226,TGGGG,61,0.030258884758132598
159,AAAC,46,0.03011470399418212
383,TCTT,15,0.030091530267476425
435,CATC,1,0.02981959344277813
408,TCCT,3,0.029800530292466137
497,TGGT,1,0.029755099793116184
191,TAGG,53,0.029193256676157388
241,ATCG,33,0.02910326283820542
145,TTCGG,12,0.02909100007809912
211,ATCAC,17,0.028530631400341427
242,TGTGG,19,0.028344042598615612
279,ACTGG,6,0.028297021909044828
88,ATAAC,3,0.027579046787539464
306,TCTTC,16,0.0274206901425285
350,CTCC,2,0.026711553264938265
216,TTTT,36,0.02648360814619547
370,AATT,1,0.02558158261694833
499,TATGG,3,0.024378305179226723
479,CTAC,2,0.02316177798245454
103,AGCCG,36,0.023022968811576543
255,GACC,11,0.02271533160076243
407,GAGGG,5,0.0223713757976914
331,TGACC,14,0.020970874520494807
208,CCCCG,8,0.02068482515215233
289,AATG,9,0.020664152069704546
345,ATTCC,17,0.01952220344814153
474,TTTGT,3,0.019063988220669112
387,TCAAG,4,0.018883026818067257
490,GGAAG,4,0.018542339756485247
308,AAGGG,16,0.018500484657635034
227,AACCC,20,0.018398365238544576
444,GTAC,5,0.018303264848617995
267,TCGGG,12,0.01800819043654375
424,TGCT,6,0.01789832562585927
378,GCTGG,16,0.017567066660206087
266,GAAG,8,0.01755300339373624
461,AGGTC,10,0.01733799838253782
184,AGGGG,56,0.016708667665536855
349,GCCGG,24,0.016341092913611143
392,AGAAC,13,0.016180540414289214
477,AGGA,2,0.01586368159590342
333,TAGCG,7,0.014882221574802427
141,GCTTC,15,0.014731337141338575
42,AGCAG,19,0.014728976325665026
395,GTTTG,3,0.014706928721137906
373,TTCG,20,0.014637197292247781
324,AGTGG,9,0.013922415421433416
398,TGTAG,4,0.013853706532251953
261,CAAG,1,0.013490510655643556
442,AGATA,3,0.013246974115387033
360,AACTC,4,0.013169990809680496
157,TCCGG,23,0.012267505243420152
321,AAGAC,4,0.011911629137740297
286,AAGAA,7,0.01190709527692598
492,TTACG,11,0.011792631069862941
197,GAGC,22,0.011671949387447452
89,ATCGG,3,0.01141538766714111
270,AATAC,2,0.010178974715304328
359,TTCT,1,0.010096395083443144
260,TGATT,2,0.010008075899412222
466,AAAAA,1,0.00976187114504284
348,AACCG,2,0.009417532837002562
456,AATCC,2,0.0093288250802859
249,TGATG,16,0.009127851757283128
178,GGTCG,7,0.008958298054485583
326,AGTAC,10,0.008914449609522535
77,GGTCC,16,0.008175086038249232
303,TAGGG,8,0.008057736417099892
410,TCTTG,8,0.007572412359000028
431,AGTCG,4,0.007445470833091521
464,GTAGG,2,0.007394388656310973
68,GGAGG,20,0.006734269343064303
82,GCTCC,29,0.006260194144020589
418,AGTAT,1,0.0061894414315083746
332,AGACG,2,0.006025099405623853
230,AGTTG,10,0.005679840760103883
405,TTAGC,4,0.005579911963813985
469,GCTAA,1,0.005316316659347774
379,TATAC,1,0.004631806424276248
455,CACCC,2,0.004439111105966551
423,AGGT,10,0.004152875386228032
334,TCATT,4,0.004031447161930012
161,TGAGG,28,0.0039650033656124335
239,CCCCC,8,0.0038393189725765193
215,GTTC,6,0.0032162443921324607
277,AAAAG,9,0.0027630157490753345
169,TGGAC,18,0.002597861948192125
480,GTCTC,1,0.0019484398973254576
465,GTAG,2,0.0012774944534201683
486,GGTAG,3,0.0010516275370292883
307,GGACC,32,0.0002608528180425677
9,[CLS],2745,0.0
8,[SEP],3035,0.0
494,CACC,2,-0.00024298720468143983
436,ACTAG,3,-0.0004452025366085699
384,TTATG,1,-0.0008102266837429503
309,AAACC,6,-0.0009396320974263128
413,CTCCC,4,-0.0010336555045588882
462,TATCC,7,-0.0013620398962109416
406,ATCCG,12,-0.002658198873543322
411,AATGG,5,-0.0039774441278252245
412,TGATC,4,-0.004275387844753448
483,ATCA,2,-0.004443866182272271
476,AACGG,1,-0.004571958517820784
355,ACT,3,-0.0045752759626309925
380,TACCG,1,-0.005446423214527869
325,TTTAT,8,-0.005747514649119294
375,ATGAC,2,-0.006032214829894546
432,TTCAC,1,-0.007105222669566818
481,CTGTG,1,-0.007548720898465421
433,TTGTC,1,-0.011523495751121894
388,AAATT,1,-0.011890315525347767
415,GACCC,5,-0.013036375371943945
340,TGT,6,-0.013468470254856224
320,TTATC,2,-0.013540865039970072
300,TTGAC,1,-0.016253390831685092
484,AGATT,3,-0.018418074934091592
386,TGA,1,-0.02048735766982788
342,TCTAC,1,-0.022164938465911718
498,AGTAA,1,-0.022177706236496477
107,AACAC,3,-0.028527497615561684
