,Token,Counts,Score
392,GCGCG,411,0.6082725060827251
103,GCGC,4841,0.45445155959512495
501,GCGTG,201,0.34328358208955223
406,GCACG,237,0.3206751054852321
423,ACGCG,340,0.3176470588235294
244,TGCGC,1589,0.263687853996224
246,ACGC,4375,0.22514285714285714
402,GTGC,1458,0.20438957475994513
384,GCG,6335,0.197947908445146
470,GTGTG,304,0.19736842105263158
218,GCGCC,1483,0.17801753202966958
331,CCCGC,1069,0.16089803554724041
256,GCGGG,706,0.16005665722379603
175,TGCG,3570,0.14565826330532214
99,AGCGC,2400,0.1325
391,GGCGC,1044,0.12260536398467432
440,GGGCG,578,0.11418685121107267
282,ACACG,973,0.10996916752312436
168,GGGC,9577,0.10869792210504334
132,TGTGC,4300,0.1086046511627907
133,GTG,5082,0.09641873278236915
408,TCGCG,256,0.09375
430,ATGCG,545,0.09357798165137615
273,GCCC,4499,0.08468548566348078
370,TGCAC,1557,0.08220937700706486
424,ACGCC,1167,0.07969151670951156
191,GCGGC,1429,0.0748775367389783
312,GCGG,2066,0.07405614714424008
173,ACAC,24810,0.0728738411930673
604,GACAC,69,0.07246376811594203
121,ACGGC,880,0.0715909090909091
537,ACAGA,14,0.07142857142857142
610,CACAC,28,0.07142857142857142
459,TACGC,311,0.0707395498392283
513,GCATG,481,0.06860706860706861
417,GCACC,839,0.06197854588796186
455,GCCCG,212,0.06132075471698113
62,ACG,10217,0.06038954683370853
566,CGC,50,0.06
390,GCCGC,1022,0.05968688845401174
394,GCCG,1579,0.058264724509183026
207,GGGGC,3026,0.056840713813615336
335,GCCCC,3406,0.05637110980622431
22,GC,33214,0.0560305895104474
23,TCGC,3786,0.0549392498679345
614,CACCC,19,0.05263157894736842
565,GGACG,185,0.04864864864864865
185,GGTGC,690,0.04782608695652174
95,TGTG,27396,0.047379179442254345
228,CCCG,2279,0.046511627906976744
452,ACGGG,561,0.044563279857397504
344,ACCGC,1416,0.0423728813559322
546,GACG,122,0.040983606557377046
382,GCAGG,870,0.040229885057471264
313,TGCA,52,0.038461538461538464
559,TGGGA,26,0.038461538461538464
512,TGCGG,1121,0.0383586083853702
510,GCTCG,209,0.03827751196172249
163,GCC,21979,0.03780881750762091
584,CAGGC,27,0.037037037037037035
166,GCTGC,1784,0.03643497757847534
387,TCCGC,1417,0.03599153140437544
239,GGCG,2090,0.03588516746411483
262,CCCGG,736,0.035326086956521736
591,GTGTC,85,0.03529411764705882
468,CG,117,0.03418803418803419
4,TGC,54243,0.032704680788304484
383,GGGGG,1442,0.0319001386962552
39,ATGC,18739,0.03143177330700678
153,ACGG,3058,0.031393067364290386
108,TGGGC,10290,0.030320699708454812
439,GCCGG,436,0.02981651376146789
275,GGGCC,3103,0.029326458266194008
420,AGGCG,1355,0.028782287822878228
152,GGGG,10595,0.028409627182633318
58,CCC,38955,0.028263380824027726
460,GCTCC,1269,0.027580772261623327
473,ACCCG,867,0.0265282583621684
255,AGTGC,4120,0.02621359223300971
111,GGC,23121,0.0253016738030362
190,GGCCC,2141,0.025221858944418495
495,GTGGG,278,0.025179856115107913
475,GAGC,488,0.02459016393442623
124,AGCG,3911,0.02454615187931475
170,ACACC,2988,0.024431057563587683
193,GGCC,9468,0.02429235318969159
290,ACATG,2966,0.022926500337154418
167,ACCG,2618,0.02215431627196333
389,GTCC,543,0.022099447513812154
224,GCAGC,1180,0.022033898305084745
300,GCATC,455,0.02197802197802198
145,GGG,18571,0.02180819557374401
541,CGCC,46,0.021739130434782608
481,AACGC,597,0.020100502512562814
588,TGCT,51,0.0196078431372549
122,TGCCC,5262,0.019384264538198404
471,ACTCG,363,0.01928374655647383
498,GTAC,157,0.01910828025477707
223,ACAGC,3509,0.018523795953263037
104,ACCC,22018,0.01834862385321101
419,TCCG,3107,0.018023817186997103
279,GTGG,1682,0.0178359096313912
272,GCTGG,956,0.01778242677824268
350,TCGGC,1022,0.01761252446183953
328,ACTCC,4003,0.01748688483637272
71,G,7556,0.016543144520910536
536,GTGCC,244,0.01639344262295082
327,ATCGC,770,0.015584415584415584
399,GGCCG,517,0.015473887814313346
134,AGCAC,4944,0.014967637540453074
385,CCCCG,469,0.014925373134328358
125,AGGC,34409,0.014821703624051847
107,AGGGC,8329,0.014647616760715573
422,GTGGC,211,0.014218009478672985
464,TCACG,638,0.014106583072100314
558,GTGAC,71,0.014084507042253521
357,ACAT,713,0.014025245441795231
254,CCG,1220,0.013934426229508197
249,TACG,1226,0.013866231647634585
482,TGT,145,0.013793103448275862
222,TCTGC,4103,0.013648549841579332
489,GTCG,74,0.013513513513513514
518,GTTC,223,0.013452914798206279
413,GAGTG,76,0.013157894736842105
154,AGCCC,6194,0.013077171456247982
485,GCTTG,462,0.012987012987012988
75,AC,41353,0.012985756777017387
407,TCGCC,1248,0.01282051282051282
172,TGAGC,3582,0.01256281407035176
570,GATGC,80,0.0125
161,CCCC,9316,0.0124516960068699
88,TCG,7145,0.012036389083275017
232,TGTAC,1922,0.011966701352757543
360,ACCGG,510,0.011764705882352941
123,TCCGG,861,0.011614401858304297
524,GTCTG,87,0.011494252873563218
248,ACTC,7744,0.011492768595041322
478,CTGC,89,0.011235955056179775
416,GGATG,446,0.011210762331838564
219,TGTC,9926,0.011182752367519646
499,GGCGG,633,0.011058451816745656
403,AAGCG,822,0.010948905109489052
346,TTCGC,550,0.01090909090909091
120,TGCCG,938,0.010660980810234541
515,CTCC,94,0.010638297872340425
29,TACAC,848,0.01061320754716981
169,TCGG,2380,0.01050420168067227
469,GGTCC,481,0.010395010395010396
268,ACAGG,2738,0.009861212563915266
474,GCTAG,305,0.009836065573770493
458,TTGCG,414,0.00966183574879227
376,GACCC,105,0.009523809523809525
68,GG,24337,0.009450630726876772
443,ATGTG,1284,0.009345794392523364
118,TGCC,26118,0.009189065012634964
235,TCCCG,1548,0.00904392764857881
69,TGGC,22822,0.009026378056261502
189,ACCCC,7316,0.009021323127392018
396,ACA,111,0.009009009009009009
386,GGAGC,1011,0.008902077151335312
414,TGGCG,1127,0.008873114463176575
330,ACTGC,4396,0.008871701546860783
528,GTTCC,116,0.008620689655172414
368,ATACG,483,0.008281573498964804
267,C,2550,0.00823529411764706
253,TATGC,3058,0.008175277959450621
446,GCTTC,630,0.007936507936507936
295,GAAC,259,0.007722007722007722
147,TCCCC,8808,0.007606721162579474
129,AGAGC,4662,0.0075075075075075074
308,GCAAG,539,0.0074211502782931356
257,TGGAC,1233,0.0072992700729927005
10,AGC,53198,0.007293507274709576
101,TGGCC,8563,0.007240453112227023
100,TGGG,37335,0.007151466452390519
78,ACC,44790,0.00685420852868944
405,TACGG,293,0.006825938566552901
398,ATCGG,293,0.006825938566552901
49,ATG,47600,0.00680672268907563
128,TGGGG,7392,0.006628787878787879
98,ACAG,8416,0.006535171102661597
126,TAGGC,2467,0.0064856100526955816
509,GAAGG,156,0.00641025641025641
33,CC,42676,0.006326741025400694
477,TACCG,321,0.006230529595015576
56,TATG,16583,0.006150877404570946
55,TCC,56881,0.006135616462439127
6,TTGC,15150,0.005940594059405941
171,TGCTC,1714,0.005834305717619603
13,AGCC,36640,0.005786026200873363
343,GATC,173,0.005780346820809248
159,AAGGC,5037,0.005757395274965257
194,TGTCC,3192,0.005639097744360902
174,TCAC,16212,0.005613126079447323
130,TCCC,31070,0.005503701319600901
252,TTCG,2000,0.0055
158,AGGCC,9350,0.005454545454545455
80,AGGG,31965,0.0054434537775692165
236,TGTCG,370,0.005405405405405406
178,T,1855,0.005390835579514825
119,AGG,51471,0.005381671232344427
381,AGACG,766,0.005221932114882507
102,GAGG,781,0.005121638924455826
367,TACCC,2965,0.00505902192242833
85,TGG,49520,0.004987883683360258
150,AAGC,13090,0.004965622612681436
247,ATAC,13917,0.00495796507868075
114,TCCAC,1413,0.004953998584571833
196,CCCCC,608,0.004934210526315789
57,AACG,1844,0.004880694143167028
432,TCGGG,1025,0.004878048780487805
60,AGTG,14217,0.004712667932756559
456,TGACG,426,0.004694835680751174
447,GGACC,428,0.004672897196261682
299,TTTGC,5616,0.004629629629629629
136,AGAC,17326,0.004559621378275424
18,ACATC,2195,0.004555808656036446
412,GGAGG,1110,0.0045045045045045045
113,TTGGC,4662,0.0045045045045045045
426,GGTAC,225,0.0044444444444444444
326,ATCG,1813,0.00441257584114727
507,GTAG,227,0.004405286343612335
415,AGCCG,1606,0.0043586550435865505
359,ACAAG,2097,0.004291845493562232
96,A,1881,0.004253056884635832
148,GAGAC,240,0.004166666666666667
76,ATCC,19206,0.004113297927730917
183,ATGCC,5425,0.004055299539170507
91,TAC,32466,0.004004188997720692
304,TGTGG,3543,0.003951453570420547
425,GGAAG,765,0.00392156862745098
192,ACCAC,3879,0.0038669760247486465
250,ATCCG,522,0.0038314176245210726
146,TCACC,3140,0.003821656050955414
242,ATGGG,4744,0.0037942664418212477
215,AGCTC,1848,0.003787878787878788
520,GAGGG,265,0.0037735849056603774
116,TCAGC,3452,0.0037659327925840093
431,GGAAC,532,0.0037593984962406013
203,ATATG,5598,0.0037513397642015005
155,TGCTG,1335,0.003745318352059925
2,TC,50838,0.0036980211652700734
349,ATTCG,553,0.003616636528028933
265,ACTG,6927,0.003609065973726
320,GGTTG,284,0.0035211267605633804
233,ACTGG,2014,0.003475670307845084
490,TATCG,301,0.0033222591362126247
393,GACC,302,0.0033112582781456954
347,TCCTC,2136,0.0032771535580524347
483,GATG,307,0.003257328990228013
109,AG,54836,0.003227806550441316
105,TG,49477,0.003193402995331164
297,AGTCC,2840,0.0031690140845070424
278,AGGAC,1602,0.003121098626716604
44,ATGGC,5139,0.0031134461957579296
47,TAGCG,324,0.0030864197530864196
51,TAGC,12017,0.003078971457102438
251,ACTTG,1985,0.003022670025188917
106,AGGGG,5962,0.0030191211003019122
117,TCAGG,3037,0.0029634507737899243
110,GGTGG,675,0.002962962962962963
437,AAACG,679,0.0029455081001472753
179,AGTGG,3070,0.0029315960912052116
479,TCAT,683,0.0029282576866764276
438,AGCGG,1025,0.002926829268292683
229,TGAC,10721,0.0028915213133103254
428,GCTAA,357,0.0028011204481792717
1,TTCC,25030,0.002796644027167399
298,TCATG,2169,0.0027662517289073307
270,ACTTC,2535,0.0027613412228796844
225,TGAG,9432,0.00275657336726039
94,TCTG,15285,0.002747791952894995
64,ATCAC,3306,0.0027223230490018148
269,TCTCC,4779,0.002720234358652438
377,AACCG,371,0.0026954177897574125
198,AGTAC,1872,0.002670940170940171
151,TACC,12057,0.002654059882226093
245,ACAAC,2287,0.0026235242675994755
353,AATGC,2715,0.002578268876611418
323,ACTAC,1978,0.0025278058645096056
348,ACTT,1987,0.0025163563160543532
418,TTCGG,400,0.0025
140,TAAGC,2002,0.0024975024975024975
9,ACAA,7209,0.0024968789013732834
208,ACCTC,4586,0.002398604448320977
366,ACTAG,1274,0.002354788069073783
32,AAGG,20682,0.0023208587177255585
227,TGACC,2684,0.0022354694485842027
514,GGATC,459,0.002178649237472767
84,AGTC,11062,0.0021695895859699874
285,TCTAC,1853,0.0021586616297895305
187,GCAAC,465,0.002150537634408602
271,ATCCC,4790,0.0020876826722338203
213,TAGCC,2427,0.0020601565718994645
333,AGGTG,1468,0.0020435967302452314
12,AAC,41109,0.0020433481719331534
127,TCTTC,3445,0.0020319303338171262
81,AT,17873,0.0020142113802942988
334,TCTCG,1000,0.002
43,TTC,47035,0.0019772509833103006
303,TGAAC,2542,0.001966955153422502
462,GTCTC,517,0.0019342359767891683
37,TT,36869,0.0018986140117714068
143,TTGG,19356,0.0018598884066955983
82,ATGG,20504,0.0018532969176746
86,TGAGG,3811,0.0018367882445552348
296,TAGGG,2186,0.0018298261665141812
351,GAGGC,547,0.0018281535648994515
288,AGGTC,1656,0.0018115942028985507
53,TTCCC,6682,0.0017958695001496557
17,TAGG,11323,0.001766316347257794
176,AGTTC,2929,0.001707067258449983
352,AGAGG,4225,0.0016568047337278107
332,AACCC,3033,0.0016485328058028356
36,TCTC,22211,0.001575795776867318
186,AGGAG,5141,0.0015561174868702586
243,ATGTC,1298,0.0015408320493066256
230,AGCTG,1300,0.0015384615384615385
281,ATTGC,3985,0.00150564617314931
434,TTAGC,2658,0.0015048908954100827
8,TTG,39875,0.0015047021943573667
202,TCAAC,1997,0.0015022533800701052
221,AAAC,18097,0.0014919599933690666
135,AAGCC,4756,0.001471825063078217
287,AGTTG,2056,0.0014591439688715954
112,AGAG,19865,0.0014095142209916939
141,TGTAG,2842,0.0014074595355383533
66,AAAGC,3561,0.0014040999719180005
40,AACC,12243,0.001388548558359879
52,AAG,45103,0.0012859455025164624
294,TGAT,792,0.0012626262626262627
182,TCAG,7985,0.0012523481527864746
231,AGAAC,3997,0.0012509382036527395
50,TAGAC,803,0.0012453300124533001
342,AGTAG,2463,0.001218026796589525
156,TTGCC,4111,0.0012162490878131842
27,ATC,38976,0.0012058702791461413
321,TGTTC,2562,0.00117096018735363
274,ATAGG,2601,0.0011534025374855825
164,TCTGG,2697,0.0011123470522803114
138,TAG,31041,0.001095325537192745
329,TGTAA,4713,0.0010608953957139827
160,AGATG,3772,0.0010604453870625664
339,TAAGG,2027,0.000986679822397632
356,AGAT,1031,0.0009699321047526673
34,TGTT,2069,0.0009666505558240696
258,TTGTC,1047,0.0009551098376313276
317,TATAC,1051,0.0009514747859181732
142,TCTT,2120,0.0009433962264150943
180,ATTGG,2153,0.0009289363678588017
28,TTTG,21555,0.0008814660171653909
41,TTTCC,8378,0.0008355216042014801
20,AA,45740,0.0008307826847398338
421,AAGTC,1234,0.0008103727714748784
240,AATAC,2506,0.0007980845969672786
289,AATCC,2517,0.0007945967421533572
59,TCATC,2546,0.0007855459544383347
38,TATC,13016,0.0007682851874615857
375,TATAA,1342,0.0007451564828614009
318,TGATG,2696,0.000741839762611276
365,AGCAG,1357,0.0007369196757553427
93,TCAA,4140,0.0007246376811594203
115,AATC,8296,0.0007232401157184186
241,AACAC,1417,0.0007057163020465773
11,AAAG,17412,0.0006891798759476223
354,ATACC,2949,0.0006781959986436081
293,AAACC,3014,0.0006635700066357001
401,AAGAC,1517,0.0006591957811470006
311,TTCAC,1538,0.0006501950585175553
200,TAAC,12469,0.0006415911460421846
302,TCTAG,1609,0.0006215040397762585
277,TTAAC,3225,0.00062015503875969
291,AGAAG,4917,0.0006101281269066504
45,TAAG,13717,0.000583217904789677
195,AAGGG,3439,0.0005815644082582146
65,TTCTC,5196,0.0005773672055427252
162,AGACC,3467,0.0005768676088837611
7,TTCTG,3487,0.0005735589331803843
15,ATTC,22907,0.0005675121142008993
184,ATCTC,5498,0.0005456529647144416
31,ATATC,3709,0.0005392289026691831
24,ATTG,16922,0.0005318520269471694
137,TTTTC,9725,0.0005141388174807198
70,TGATC,1954,0.0005117707267144319
42,TGAA,15822,0.0005056250790039186
79,ATAT,10039,0.0004980575754557227
199,TTTC,26844,0.00048427954105200415
259,ACATT,4146,0.000482392667631452
14,TAA,44194,0.0004525501199257818
226,TCAAG,2264,0.00044169611307420494
73,TTAC,11441,0.000437024735600035
220,TTAGG,2291,0.00043649061545176777
355,TATGG,2397,0.00041718815185648727
276,TTACC,2420,0.00041322314049586776
309,TCTTG,2596,0.0003852080123266564
21,AGAA,33784,0.0003847975372957613
26,AGATC,2646,0.0003779289493575208
87,TTAA,13574,0.0003683512597613084
212,ATAG,8209,0.00036545255207698867
209,TAT,16728,0.0003586800573888092
77,AATT,5684,0.0003518648838845883
144,ATTCC,5806,0.0003444712366517396
286,TCATT,2984,0.0003351206434316354
369,TTATG,2986,0.0003348961821835231
188,ATAGC,3009,0.00033233632436025255
72,AAAAC,9211,0.0003256975355553143
16,ATT,52310,0.00032498566239724715
216,TTAG,6535,0.000306044376434583
238,TTTTG,7312,0.0002735229759299781
211,TTGGG,4109,0.0002433682161109759
338,TTTGG,4186,0.00023889154323936931
263,TTTAA,8441,0.00023693875133278048
92,AATG,10421,0.0001919201612129354
54,TATT,28907,0.00017296848514200712
30,TTTT,47488,0.0001263477088948787
67,ATAA,24551,0.00012219461529061954
90,AAAAG,8419,0.0001187789523696401
3,AAAA,58220,0.00010305736860185504
530,AAGT,41,0.0
579,CATCC,18,0.0
572,GTATC,47,0.0
609,TACT,29,0.0
580,GTGAG,60,0.0
581,CTGCC,36,0.0
573,GAATG,36,0.0
582,AACT,36,0.0
531,TTTCT,35,0.0
532,TGA,119,0.0
533,ACT,93,0.0
618,ACTA,15,0.0
534,AAT,111,0.0
608,TCTGT,24,0.0
535,AACA,55,0.0
583,TAAA,58,0.0
529,GTATG,53,0.0
622,TTAAT,19,0.0
574,TCT,147,0.0
578,ACTTT,10,0.0
511,GTTGG,95,0.0
616,TCTTT,11,0.0
615,TTATA,12,0.0
516,TTGT,41,0.0
625,ATTTA,12,0.0
517,CAAAC,18,0.0
577,CTAC,52,0.0
519,GGTAA,321,0.0
617,TACA,35,0.0
521,ATTT,74,0.0
611,ATCA,32,0.0
522,GTAAG,59,0.0
523,GGTCG,103,0.0
613,AGATA,7,0.0
525,GTAGC,54,0.0
526,ATAGA,17,0.0
607,CTTTT,39,0.0
527,AAAGA,23,0.0
575,TGAAA,17,0.0
612,AATTT,14,0.0
576,CAAC,42,0.0
542,GTAA,212,0.0
619,CTGTG,25,0.0
555,TTCT,57,0.0
567,AGAGA,30,0.0
589,AGAAA,34,0.0
598,TGAGA,24,0.0
597,ACCT,42,0.0
552,CTGG,63,0.0
553,ATGT,48,0.0
554,TGAAT,15,0.0
564,TCCT,64,0.0
623,TCAAA,10,0.0
563,AGGT,39,0.0
590,TTGA,39,0.0
585,CTCCC,36,0.0
562,TAAT,45,0.0
556,CTCTC,28,0.0
596,ATATA,21,0.0
557,AGT,141,0.0
595,TGTTT,15,0.0
561,GAACC,74,0.0
594,AGTTT,19,0.0
560,CTAG,32,0.0
593,AAGA,59,0.0
620,TCTA,17,0.0
568,TTCA,49,0.0
624,TGTCT,14,0.0
599,TTTGT,22,0.0
600,CATGG,22,0.0
538,CTTG,47,0.0
571,CATTC,24,0.0
539,GTTTT,162,0.0
540,CAGCC,42,0.0
606,CTTTC,22,0.0
621,TATTT,33,0.0
586,TCCA,40,0.0
543,TCA,114,0.0
544,CTCTG,19,0.0
605,GATTC,55,0.0
545,CAAG,45,0.0
587,CAGAG,21,0.0
569,AATTA,7,0.0
603,TCAGA,14,0.0
547,GTAGG,48,0.0
548,CACC,66,0.0
602,GAATC,36,0.0
549,CTTCC,29,0.0
601,GTAAC,31,0.0
550,AGTTA,7,0.0
551,AGCT,51,0.0
592,TATA,47,0.0
0,[CLS],24104,0.0
508,GAGAG,74,0.0
310,ATTAA,1177,0.0
260,GTCAC,95,0.0
261,CAAAA,47,0.0
264,AATTC,3089,0.0
266,TGGT,37,0.0
280,AGTCG,401,0.0
283,TTAT,1055,0.0
284,TTATC,2852,0.0
292,TGTTG,2321,0.0
301,TTCCG,612,0.0
305,TAACG,386,0.0
306,TCTAA,2253,0.0
307,ATA,177,0.0
314,TGATT,2717,0.0
506,GTTAC,33,0.0
315,TAACC,1871,0.0
316,ATGAC,1106,0.0
319,TATCC,2807,0.0
322,AACTC,1231,0.0
324,TTATT,7648,0.0
325,TCTAT,645,0.0
336,TTTAT,3254,0.0
337,AATTG,2080,0.0
340,AAA,213,0.0
341,ATTAC,3661,0.0
345,TAAAC,1260,0.0
358,TATAT,611,0.0
237,ACTAA,2061,0.0
234,AGCA,57,0.0
217,AGTAA,3000,0.0
214,AAATT,5954,0.0
5,TAAAA,6552,0.0
19,TATTG,3881,0.0
25,TTTAC,4122,0.0
35,TATTC,4981,0.0
46,AGTT,2109,0.0
48,AATAA,5143,0.0
61,ATATT,9178,0.0
63,TTCTT,949,0.0
74,ATAAC,3848,0.0
83,AAAT,1704,0.0
89,AATGG,2610,0.0
97,[SEP],24104,0.0
131,TGAAG,3032,0.0
139,TTTAG,4580,0.0
149,AGATT,3021,0.0
157,AAAGG,3588,0.0
165,GTTGC,58,0.0
177,AGGAA,1408,0.0
181,AAATG,5689,0.0
197,CATC,56,0.0
201,ATAAG,3743,0.0
204,ATTTC,5522,0.0
205,AATAG,2429,0.0
206,ATTTT,1965,0.0
210,AAATC,3684,0.0
361,AGTAT,898,0.0
362,AATA,36,0.0
363,CTGGG,33,0.0
451,GAAAA,151,0.0
454,GAAG,342,0.0
457,AAATA,13,0.0
461,TTTA,47,0.0
463,GATGG,87,0.0
465,TTTCG,506,0.0
466,CTGGC,24,0.0
467,CAGGG,29,0.0
472,ACCA,50,0.0
476,GTTG,236,0.0
480,TGTA,40,0.0
484,ATGA,54,0.0
486,CTAA,52,0.0
487,ATTAT,482,0.0
488,GAAAG,64,0.0
491,AGGA,60,0.0
492,GAGCC,231,0.0
493,AGA,226,0.0
494,GTACC,46,0.0
496,ATAAA,46,0.0
497,GAAAC,69,0.0
500,ACTAT,524,0.0
502,AACGG,410,0.0
503,AAAAA,62,0.0
504,ATCT,50,0.0
505,ACAAA,15,0.0
453,GCTAC,336,0.0
450,AATCG,254,0.0
364,TTGAC,885,0.0
449,CGG,43,0.0
371,TTAAG,3034,0.0
372,TATAG,722,0.0
373,AATAT,1786,0.0
374,GGTAG,311,0.0
378,TGTAT,1383,0.0
379,ATTTG,3256,0.0
380,GTTTG,92,0.0
388,TTT,233,0.0
395,GTTTC,141,0.0
397,GTCCC,177,0.0
400,GTATT,97,0.0
404,TTAAA,22,0.0
409,TGGA,55,0.0
410,TTACG,372,0.0
411,AAGAA,1638,0.0
427,TTTTT,59,0.0
429,ATTA,50,0.0
433,TAGA,25,0.0
435,TA,503,0.0
436,GAAGC,136,0.0
441,GGTTC,387,0.0
442,GATCC,63,0.0
444,AGTA,34,0.0
445,GAGAA,131,0.0
448,TTA,141,0.0
626,TGTTA,2,0.0
