token,score,count
CTATA,0.3495640456676483,1
CACGA,0.24398092925548553,2
CTTTA,0.1950320117175579,4
GGAAA,0.17874862007796766,50
TCATA,0.15518763661384583,2
GAACC,0.14939771562814713,25
CTCTC,0.14508087081568583,14
GAGTC,0.14368540048599243,15
GGGGA,0.13929750444367528,56
CGACC,0.13742291927337646,2
GACTC,0.13605392972628275,15
CCTCA,0.13533591136944537,49
TCACC,0.13426513626025274,13
GAATT,0.13256904255184862,18
TTATA,0.12741590291261673,2
GCGCA,0.12693167079082676,71
T,0.12479134821156158,158
CCGG,0.1154222862006953,104
GGTCC,0.10731573826793966,29
TCAGA,0.10711513672556196,7
CACTG,0.1063139878890731,33
CTGCC,0.1047504079286699,54
GCAGC,0.10167803466320038,45
CGCTT,0.10049279369413852,30
GGCTG,0.10022308668179541,161
CAGTT,0.099363704345056,21
TGCTG,0.09816805360948339,17
TCGA,0.09736453462392092,12
GTCCA,0.0959739301353693,10
TAACA,0.09543604403734207,4
GGTGA,0.08635291668275992,30
CAACA,0.08428077260032296,8
CAGC,0.08299855131280515,129
GGCAA,0.08183690745915685,14
TGCA,0.08024099096655846,62
GCTC,0.07692718148432873,148
GGCTC,0.07648331428376529,26
TAGTG,0.0752460691663954,9
GCCCC,0.07247065500286985,121
G,0.07209289912134409,248
GTCGG,0.07119340496137738,16
GCACC,0.07104710913423834,29
CCGC,0.07089679271859281,34
GAGC,0.07087858253485196,154
TCCTG,0.07057221600553021,64
GGCC,0.06945033759138612,344
CTTCC,0.06871641929628271,66
TCCCA,0.06843471256169406,11
CCGCA,0.06812472486247619,24
GCCCA,0.0670788586139679,21
CTTTT,0.06680002098166665,43
TCAGG,0.06539140144983928,24
CTGGG,0.06473560724407434,64
GGAA,0.06459006678963465,315
GGGCC,0.06381433395047982,60
CTCGG,0.06369679740497045,14
CCCCA,0.06323254108428955,55
GAGA,0.06268989375141794,292
CTGTG,0.061571892935271356,51
TCGGA,0.060804249718785286,20
CAGGA,0.06019068994494372,43
CCCTG,0.05967610146392856,57
GGGCA,0.05828558035353397,47
GCATT,0.05817024108199846,21
GCTG,0.057924401357529624,620
CCCTC,0.057118881959468126,24
CAACC,0.057080429579530446,7
GCGTC,0.05698830382350613,34
GGGAA,0.05695204855157779,65
CCACA,0.05657739090648564,11
GC,0.056506702614621526,1055
TCT,0.056328494722644486,12
CGGAA,0.05607921617298291,58
GCA,0.055796848873652716,643
CCAGG,0.05497088680124801,46
TCATG,0.05491365566849708,15
CCTC,0.05445067029684148,47
GTGCC,0.05419728916604072,32
GGA,0.053409744937885174,784
TCTCA,0.05330847633572725,52
CCA,0.053206296511151475,427
TAATG,0.05320412665605545,4
GGCCA,0.05293365547226535,90
TACTG,0.052610769867897034,7
CCTG,0.052344005051864324,274
CAGTC,0.05120459993680318,15
GCC,0.04910248245778618,1348
TCTG,0.04854574281903688,267
GAGCA,0.04777647346510726,59
GGGA,0.04501720145344734,215
GCTCA,0.044729541780220136,72
CAGA,0.04441319482264371,259
CAGCC,0.04429736059535755,89
GCTCC,0.04423755601696346,138
GAATG,0.04385178983211517,10
GCCTG,0.04309090681374073,100
CTGTT,0.042852280395371575,21
CACC,0.04192231677762874,77
CAGCA,0.04173908913966085,61
TCCTT,0.04173254069906694,54
CAATA,0.04156164824962616,2
GCAGA,0.041364989864329495,24
TCGC,0.040264159102331505,33
GATC,0.04019198101013899,8
TG,0.0395714323028082,337
GACTT,0.03921013999552954,21
TCGTG,0.03821631986647844,16
CTG,0.038134393450178085,671
GTACC,0.0366892417271932,3
GTGTT,0.03617348080431974,27
TAGGA,0.03530426621437073,10
CTCTT,0.03345988751263232,37
CACA,0.03288484796954012,206
CGGCC,0.032552490094259603,67
GCTT,0.03211439571523366,238
GCGTT,0.03147104779879252,15
TGTG,0.031187986188075122,204
CATCA,0.03098883604009946,9
GGACA,0.030856692232191563,16
GTCC,0.030188720204405016,286
GTCTG,0.029370505852918876,38
GCTAA,0.02931542115079032,18
GGCA,0.02925916246316406,178
GCGA,0.028841317995734837,46
TGATG,0.02813408593647182,16
CC,0.027239248735233416,618
GGTG,0.027173781387355864,196
CGTCC,0.02707138206019546,66
GAAGG,0.026777048523609456,39
TGCC,0.02665916764073902,90
TTCA,0.026552206836640835,20
CGCA,0.02633174340455578,208
CCCGG,0.025792089432983074,59
GTTCC,0.02547991638764357,39
CACTT,0.02507051158892481,19
CAAGA,0.02474349398504604,11
TACCA,0.02424035511083073,9
GCGAA,0.023764201750357945,18
TCCCC,0.023443773768994272,49
GTGA,0.02303143539889292,198
TCGG,0.022379524628572827,79
GCACA,0.02225306434066672,19
GGCGG,0.02196199039795569,140
GCAGG,0.021662895058848195,97
CTCTG,0.021432172799227284,51
CACGG,0.021336227655410767,12
GAGG,0.021160764933835865,421
GGTT,0.0208991191397279,118
CTGA,0.02083076181554655,171
CGGGG,0.020697034043925148,35
CCCA,0.020383178778187766,191
GTCTC,0.01979877334088087,8
GTTGG,0.01932351595976136,22
TTTT,0.019115983130964073,222
CACCA,0.019096536251405876,24
TCGCC,0.018406782033188,42
GGAGG,0.01820255610379365,183
GAGCC,0.017882317270117777,108
CCTT,0.01725274070527903,157
CGCTG,0.01706479225928585,96
GTG,0.017056950688544213,491
GGGG,0.01704890274339252,450
TGAA,0.016075139105319977,125
GG,0.015334057034491148,709
ATT,0.015304425524340736,9
GCAAA,0.01476593915787008,36
CCTCC,0.014343151000437435,111
CCCTA,0.014107886897890191,19
CCATG,0.013803830742835999,15
CAGG,0.013582157872672163,407
CCCTT,0.01324091593010558,36
CTGCA,0.013075772084687886,19
GATG,0.012053460939913182,148
CTCA,0.01193068268616776,182
TCC,0.011698266205164683,664
GCCTT,0.01160911690782417,66
GACA,0.011190548539161682,95
TCA,0.010734225580976768,264
GCCA,0.010358149456042869,255
TGAAA,0.010189842594706493,23
CA,0.010088353127983101,241
GTAGG,0.009505750238895416,10
GTGGA,0.00944704469293356,16
GAGGA,0.009397654607892037,90
TGTTA,0.009274981915950775,2
GCCGG,0.00915971923280846,44
CCGGA,0.008856053261653236,23
GGCGA,0.00858461808251298,23
TCCTC,0.008512903578006305,13
GCTGA,0.007959102481311443,102
CTCCA,0.007950730063021183,20
TGGG,0.007869169192046535,147
CAGTG,0.00720558142246202,43
GGGC,0.006787341423943395,122
GGATG,0.006471784578429328,36
TCTT,0.005342702451679442,225
CCACC,0.005162752030984215,23
GTTTG,0.004617966573547434,27
TCTCC,0.004360098107639006,118
GGCGC,0.004046493820075331,58
GCGGA,0.0036472838249180344,91
GCGC,0.00359108335918413,212
GGGTG,0.0029584646406697066,41
CGTCA,0.002497006207704544,35
TGA,0.0018637997845372001,273
CCAGA,0.0017732581809947366,19
GCCAA,0.0009743833358873401,57
GCGG,0.00031296943419987394,485
